,video,cam,start,end,question,answer,a1,a2,a3,a4,a5,label
0,1,D,93,105,how many people am I talking with,two,zero,one,two,three,four,2
1,1,D,110,120,what is the man in white clothes doing,sit,get snack,write on whiteboard,sit down,sit,eat salad,3
2,1,D,142,160,what is the man in white clothes doing,drink,pass pillows,throw toy to another man,throw pillows,stand,drink,4
3,1,D,223,235,what are the two people doing,sit,walk to the desk,walk around,turn on computer,erase the whiteboard,sit,4
4,1,D,270,290,what am I doing,eat,erase whiteboard,eat,play phone,erase the whiteboard,pass book,1
5,1,D,518,534,what am I doing,drink,drink,look at phone,write on whiteboard,draw on whiteboard,turn on computer,0
6,1,D,649,659,what is the man in green shirt holding,laptop,pillows,machine,whiteboard,laptop,door,3
7,1,D,840,855,what is the man in white shirt holding,can,picture on the wall,door,monitor,can,desk,3
8,1,D,840,855,what is the man in white shirt doing,drink,open box,get snack,shake hands,throw toy to another man,drink,4
9,1,D,840,855,what is the object placed in front of the man in white shirt,laptop,shelf,door,laptop,can,book,2
10,1,D,883,899,what is the man in white clothes doing,stand,open box,close the door,walk around,eat,stand,4
11,1,D,925,932,what am I doing,drink,pass book,walk around,throw toy to another man,get can,drink,4
12,1,D,925,932,what am I holding,bottle,print machine,bottle,bike,tv,camera,1
13,1,D,185,232,how many people are in the room,two,zero,one,two,three,four,2
14,1,D,638,696,what is the man in green shirt handling,laptop,laptop,phone,machine,monitor,door,0
15,1,D,882,934,what is the man in white shirt doing,walk around,get a box from shelf,sit,throw toy,walk around,walk to the desk,3
16,1,D,1548,1641,what am I doing,mix salad,erase the whiteboard,read book,close bottle,mix salad,walk,3
17,1,D,1836,1865,what am I doing,mix salad,walk to the desk,put laptop on desk,shake hands,type on keyboard,mix salad,4
18,1,M,140,152,what am I holding,can,white pillows,book,phone,can,pillows,3
19,1,M,140,152,what am I doing,drink,walk,drink,use phone,open snack,look at phone,1
20,1,M,187,194,what is the object placed beside the man in green shirt,laptop,pen,computer,white pillows,laptop,cup,3
21,1,M,187,194,what is the object placed behind the man in green shirt,bike,camera,whiteboard,picture on the wall,book,bike,4
22,1,M,290,310,what is the man in front of me doing,eat salad,type on laptop,eat salad,use phone,type on keyboard,draw on whiteboard,1
23,1,M,290,310,what am I holding,can,machine,cup,can,black pillows,desk,2
24,1,M,522,536,what is the man in front of me doing,drink,walk to the door,open snack,type on keyboard,open bottle,drink,4
25,1,M,522,536,what is the man in front of me holding,bottle,toy,bottle,tv,monitor,pillows,1
26,1,M,522,536,what is the man in green shirt holding,bottle,apple,tv,book,bottle,pen,3
27,1,M,56,96,what am I doing,walk around,draw on whiteboard,have snack,walk around,pass book,type on laptop,2
28,1,M,297,323,what is the man in front of me doing,eat salad,type on computer,eat salad,turn on computer,shake hands,play phone,1
29,1,M,836,862,what is the man in front of me doing,eat salad,open snack,open bottle,erase the whiteboard,eat salad,mix salad,3
30,1,M,894,920,what am I doing,walk around,stand up,close the door,get can on desk,sit down,walk around,4
31,1,M,924,950,what is the man in front of me doing,drink,read book,drink,walk to the door,point on whiteboard,open can,1
32,1,M,924,950,what is the color of the bottle hold by the man in front of me,red,brown,black,blue,gray,red,4
33,1,M,1085,1161,what is the man in front of me doing,eat salad,open snack,eat salad,pass pillows,look at phone,sit down,1
34,1,M,1354,1406,what am I doing,type on laptop,open can,mix salad,type on laptop,get snack,point on whiteboard,2
35,1,M,2630,2660,what is the man in front of me doing,mix salad,type on laptop,type on keyboard,write on whiteboard,walk to the desk,mix salad,4
36,1,M,2653,2683,who is eating salad,the man in green shirt,a man in blue shirt,the man on my right side,the man in blue clothes,the man in green shirt,the man in black jacket,3
37,2,F,113,155,how many people are in the room,one,zero,one,two,three,four,1
38,2,F,196,202,how many people are in the room,two,zero,one,two,three,four,2
39,2,F,196,202,how many people am I talking with,two,zero,one,two,three,four,2
40,2,F,204,207,what is the man at my left side doing,drink,use phone,type on laptop,point to a camera,close bottle,drink,4
41,2,F,204,207,what is the man in front of me holding,bottle,snack bar,snack,bottle,monitor and computer,picture on the wall,2
42,2,F,210,215,what am I doing,sit,close bottle,sit,walk around,walk,get a box from shelf,1
43,2,F,211,216,what is the object placed in front of me on the desk,can,monitor and computer,can,apple,shelf,laptop,1
44,2,F,227,231,what am I holding,can,bottle,pen,snack,computer,can,4
45,2,F,204,207,what is the man in front of me holding,bottle,pillows,picture on the wall,print machine,white pillows,bottle,4
46,2,F,261,268,what is the man in front of me doing,drink,walk,drink,type on keyboard,open snack bag,get snack,1
47,2,F,261,268,what am I doing,drink,drink,throw toy,point on whiteboard,get snack,walk,0
48,2,F,289,300,what is the man at my left side doing,drink,get snack,get can,throw toy,get a box from shelf,drink,4
49,2,F,497,503,what is the man in front of me holding,box,snack,desk,apple,can,box,4
50,2,F,502,507,what is the man in front of me doing,open box,open box,stand,pass book,read book,get can,0
51,2,F,597,606,what is the man in front of me holding,box,pillows,monitor,picture,whiteboard,box,4
52,2,F,954,964,what am I doing,open snack,get snack,walk around,drink,eat snack,open snack,4
53,2,F,992,1008,what am I doing,open snack,open snack,sit,walk to the desk,shake hands,look at the whiteboard,0
54,2,F,992,1008,what am I holding,snack,laptop,snack,shelf,bike,phone,1
55,2,F,992,1008,what am I holding in hand,snack,monitor and computer,book,picture,whiteboard,snack,4
56,2,F,1116,1122,what am I doing with the man in black jacket,shake hands,write on whiteboard,draw,look at phone,drink,shake hands,4
57,2,F,1116,1122,What is the man in black jacket doing with me,shake hands,the man in blue shirt,shelf,get a box from shelf,shake hands,the door on my right side,3
58,2,F,1116,1122,What is the man in front of me doing with me,shake hands,shake hands,sit,point to a camera,monitor,open box,0
59,2,F,1116,1122,what is the object placed on left side of the man in black jacket,bottle,monitor and computer,computer,bike,bottle,can,3
60,2,F,1447,1459,what am I doing,eat snack,pass book,walk to the door,pass pillows,erase whiteboard,eat snack,4
61,2,F,1493,1498,how many can or bottle are on the desk,three,zero,one,two,three,four,3
62,2,F,1486,1501,what is the man in front of me doing,open bottle,open box,open bottle,use phone,shake hands,draw,1
63,2,F,1503,1528,what is the man in front of me doing,drink,drink,type on computer,mix salad,open snack bag,walk,0
64,2,F,1503,1528,what am I holding,can,laptop,door,desk,can,camera,3
65,2,F,1629,1640,what am I doing,eat snack,use phone,eat snack,draw on whiteboard,walk around,play phone,1
66,2,F,60,66,what is the object in front of the man I can see,chair,camera,bike,apple,chair,white pillows,3
67,2,F,229,235,how many people can I see in the scene,two,zero,one,two,three,four,2
68,2,F,327,332,what is the color of the can I am holding,black,green,black,red,brown,gray,1
69,2,F,1502,1523,what is the man sitting in front of me doing,drink,have snack,drink,sit down,walk,type on keyboard,1
70,2,F,1502,1523,what is the color of the bottle the man in front of me drinking with,green,gray,green,brown,blue,red,1
71,2,F,2190,2196,what is the man in front of me playing,laptop,laptop,picture,machine,desk,door,0
72,2,F,2591,2608,what am I doing,get snack,play phone,use phone,get snack,mix salad,draw,2
73,2,F,2931,2946,what am I holding in hands,snack bar,machine,cup,black pillows,tv,snack bar,4
74,2,F,3223,3231,What is the man in black jacket doing,use laptop,get can on desk,use laptop,the man in front of whiteboard,in front of book shelf,walk to the door,1
75,2,F,3257,3272,what is the man in front of me doing,put laptop on desk,put laptop on desk,type on laptop,look at phone,drink,throw toy to another man,0
76,2,F,3318,3332,What is the man in black jacket doing,stand up,stand up,get can on desk,throw pillows,read book,type on keyboard,0
77,2,F,3366,3375,what am I doing,stand up,pass pillows,walk,stand up,type on laptop,draw on whiteboard,2
78,2,F,3384,3393,what am I doing with the man in front of me,shake hands,throw pillows,close the door,open box,shake hands,play toy,3
79,2,F,3436,3443,what are we holding in hands,can,door,computer,can,pillows,tv,2
80,2,F,3443,3468,what am I doing,drink,open can,type on computer,open bottle,walk around,drink,4
81,2,F,218,285,what are we doing,drink,drink,read book,use phone,throw toy,type on computer,0
82,2,F,479,508,what is the man in front of me doing,get a box from shelf,get a box from shelf,open snack bag,close bottle,have snack,walk around,0
83,2,F,952,986,what am I holding in hands,snack bar,monitor and computer,door,snack bar,bottle,monitor,2
84,2,F,2081,2146,what is the man doing in front of me,type on computer,sit down,point to a camera,type on computer,get can on desk,draw,2
85,2,M,41,51,how many can or bottle are on the desk,three,zero,one,two,three,four,3
86,2,M,53,64,what am I doing,open bottle,get can,open bottle,turn on computer,get can on desk,throw toy to another man,1
87,2,M,75,97,what am I doing,drink,drink,open bottle,sit,pass book,open box,0
88,2,M,97,112,what am I doing,close bottle,play toy,close bottle,walk around,sit down,type on laptop,1
89,2,M,75,97,how many bags of snack are on the table,two,zero,one,two,three,four,2
90,2,M,158,167,what is the man on my right side doing,open snack,walk to the desk,walk around,have snack,open snack,put can on desk,3
91,2,M,174,187,what am I doing,drink,drink,sit,open bottle,put can on desk,walk,0
92,2,M,210,220,what is the man in gray clothes doing,sit,get a box from shelf,throw pillows,sit,get can on desk,look at the whiteboard,2
93,2,M,210,220,what is in front of the man in gray clothes,can,picture,snack bar,can,print machine,white pillows,2
94,2,M,220,234,what is the man on my right side doing,drink,draw,use phone,put laptop on desk,drink,stand,3
95,2,M,220,237,who is holding a red can,the man in brown clothes,the man in brown clothes,the man on my right side,the man in light blue shirt,the man in front of the door,the man in dark blue clothes,0
96,2,M,220,237,who is holding a green bottle,me,the man in green shirt,the man in blue clothes,a man in gray clothes,the man in blue shirt,me,4
97,2,M,229,234,who is holding a black can,the man in gray clothes,a man in dark clothes,a man in gray clothes,the man in front of whiteboard,the man in gray clothes,the man in red shirt,3
98,2,M,246,259,what am I doing,drink,play phone,type on laptop,drink,sit down,open can,2
99,2,M,246,259,what is the man in gray clothes doing,open can,close bottle,pass pillows,open can,sit down,turn on computer,2
100,2,M,274,285,what am I doing,close bottle,sit down,close bottle,walk around,get snack,draw,1
101,2,M,301,315,what is the man on my right side doing,drink,pass pillows,drink,throw toy,play phone,read book,1
102,2,M,455,462,what color is the bottle on my desk,green,green,red,gray,brown,blue,0
103,2,M,500,505,what am I holding,box,pen,bottle,box,picture on the wall,black pillows,2
104,2,M,503,512,what am I doing,open box,drink,throw toy,open box,eat snack,point to a camera,2
105,2,M,503,512,who is opening the box,me,me,the man in green shirt,a man in blue,the man in clothes clothes,the man in red shirt,0
106,2,M,1948,1953,what am I holding,laptop,book,print machine,laptop,shelf,bike,2
107,2,M,1982,2003,what am I holding,laptop,snack bar,phone,pen,laptop,white pillows,3
108,2,M,1982,2003,what is the clothes color of the man in front of me?,gray,black,red,brown,green,gray,4
109,2,M,2110,2120,what am I doing,type on laptop,put laptop on desk,open box,type on laptop,throw toy,walk around,2
110,2,M,2248,2257,what is the object on the left of my hand,laptop,laptop,cup,tv,phone,camera,0
111,2,M,99,113,what am I doing,close bottle,open bottle,point to a camera,write on whiteboard,close bottle,erase the whiteboard,3
112,2,M,167,175,what am I doing,open bottle,open bottle,turn on computer,put can on desk,walk around,eat snack,0
113,2,M,191,199,who is entering the room through the door,a man in gray clothes,a man in dark clothes,a man in gray clothes,the man in green shirt,a man in blue,the man in gray clothes,1
114,2,M,199,203,how many people can I see in the scene,two,zero,one,two,three,four,2
115,2,M,275,285,what am I doing,close bottle,close bottle,write on whiteboard,mix salad,use phone,pass pillows,0
116,2,M,781,786,how many bottle can I see on the desk,zero,zero,one,two,three,four,0
117,2,M,931,939,what is the man on my right side doing,open snack bag,open bottle,turn on computer,open snack bag,get a box from shelf,have snack,2
118,2,M,1120,1127,what am I doing with the man in front of me,shake hands,mix salad,read book,shake hands,sit,type on computer,2
119,2,M,1121,1128,who am I shaking hands with,the man in gray clothes,the man in gray clothes,the man in blue clothes,a man in dark blue clothes,the man in light blue shirt,the man on my left side,0
120,2,M,1211,1221,what is on the right side of the door,whiteboard,bottle,bike,monitor and computer,picture on the wall,whiteboard,4
121,2,M,1269,1275,what is on the left side of whiteboard,door,cup,can,snack,door,white pillows,3
122,2,M,1454,1463,what is the man in front of me having,snack bar,pillows,picture,snack bar,whiteboard,apple,2
123,2,M,1494,1504,what am I doing,open bottle,put laptop on desk,have snack,open bottle,play toy,walk,2
124,2,M,1527,1541,what am I doing,close bottle,close bottle,draw,eat,sit down,sit,0
125,2,M,1967,1972,what am I holding in hands,laptop,laptop,picture on the wall,toy,box,door,0
126,2,M,2892,2903,what is placed on desk on my left hand side,laptop,white pillows,laptop,black pillows,computer,can,1
127,2,M,2980,2990,how many laptop are on the table,one,zero,one,two,three,four,1
128,2,M,3193,3198,what is my left hand typing on,laptop,monitor and computer,laptop,black pillows,machine,apple,1
129,2,M,3426,3430,how many people are standing beside the desk,two,zero,one,two,three,four,2
130,2,M,3620,3635,what am I doing,sit down,open snack,look at the whiteboard,turn on computer,sit down,get a box from shelf,3
131,3,F,45,50,how many people are in the scene,one,zero,one,two,three,four,1
132,3,F,77,83,how many people are in the scene,two,zero,one,two,three,four,2
133,3,F,77,83,how many people are in the room,two,zero,one,two,three,four,2
134,3,F,83,88,what color of clothes is the man beside door,blue,red,gray,green,black,blue,4
135,3,F,83,88,who is sitting on the chair,a man in dark clothes,me,the man in clothes clothes,a man in dark clothes,a man in dark blue clothes,a man in blue shirt,2
136,3,F,83,88,who is standing beside the door,a man in blue,a man in blue,the man in red clothes,a man in dark blue clothes,the man in dark blue,two man standing in front of me,0
137,3,F,169,182,what is the man in blue shirt doing,close the door,sit,get can,eat snack,close the door,turn on computer,3
138,3,F,169,182,who is closing the door,a man in blue shirt,the man in front of the door,the man in red shirt,the man in gray clothes,the man in brown clothes,a man in blue shirt,4
139,3,F,200,208,who am I looking at,a man in blue,the man on my right side,the man on my left side,the man in black jacket,a man in blue,the man in brown clothes,3
140,3,F,200,208,what is the man in front of me doing,erase whiteboard,walk,walk to the desk,get a box from shelf,turn on computer,erase whiteboard,4
141,3,F,204,213,who am I looking at,a man in blue,a man in blue,the man in blue clothes,a man in blue shirt,me,the man in light blue shirt,0
142,3,F,204,213,what is the man in front of me doing,erase whiteboard,point on whiteboard,walk,use phone,draw on whiteboard,erase whiteboard,4
143,3,F,256,269,who am I looking at,a man in dark clothes,a man in dark clothes,the man in dark blue clothes,a man in blue shirt,a man in blue,the man on my left side,0
144,3,F,300,317,what is the man in blue shirt doing,draw on whiteboard,draw on whiteboard,walk to the desk,erase the whiteboard,throw pillows,point to a camera,0
145,3,F,320,336,what is the man in blue shirt doing,draw on whiteboard,close bottle,look at phone,draw on whiteboard,throw pillows,stand,2
146,3,F,340,350,what is the man doing in front of me,draw on whiteboard,draw on whiteboard,read book,sit down,open snack bag,eat salad,0
147,3,F,340,350,who am I looking at,a man in blue,the man in red clothes,the man in brown clothes,a man in blue,the man in gray clothes,the man in blue shirt,2
148,3,F,410,420,what is the man doing in front of me,draw on whiteboard,draw,stand,draw on whiteboard,play phone,drink,2
149,3,F,560,575,what am I doing,point on whiteboard,open snack,point on whiteboard,pass book,open can,walk around,1
150,3,F,70,74,how many people can I see in the room,one,zero,one,two,three,four,1
151,3,F,75,85,who is entering the room through the door,a man in blue shirt,the man in red shirt,a man in blue shirt,the man on my left side,the man in blue clothes,a man in dark clothes,1
152,3,F,202,216,what is the man in blue shirt doing,erase whiteboard,stand up,walk to the door,erase whiteboard,erase the whiteboard,shake hands,2
153,3,F,490,510,what is the man doing in front of me,write on whiteboard,turn on computer,close bottle,get a box from shelf,write on whiteboard,get snack,3
154,3,F,570,576,what am I doing,point on whiteboard,point on whiteboard,use phone,open bottle,erase the whiteboard,pick up the toy,0
155,3,F,1908,1919,who is standing by the wall and door,the man in blue shirt,the man in brown clothes,me,the man on my left side,the man in blue shirt,a man in dark clothes,3
156,3,F,1957,1970,what is the man on my left side doing,sit down,type on keyboard,play toy,pass book,stand,sit down,4
157,3,F,2173,2185,what is the man doing in front of me,point on whiteboard,turn on computer,point on whiteboard,pick up the toy,open bottle,throw toy to another man,1
158,3,F,43,47,who is going out of the room,the man in blue shirt,the man in front of the door,the man in blue shirt,the man in black jacket,two man standing in front of me,a man in blue,1
159,3,F,80,86,what is the man in blue shirt doing,walk,walk to the desk,get a box from shelf,look at phone,walk,throw toy,3
160,3,F,197,203,who is sitting on the chair,the man on my left side,a man in blue shirt,the man in front of whiteboard,the man in black jacket,the man on my left side,the man in clothes clothes,3
161,3,F,429,442,what is the man doing in front of me,draw on whiteboard,walk around,pick up the toy,draw on whiteboard,pass pillows,eat snack,2
162,3,F,497,509,what is the color the man draw on whiteboard,green,green,red,brown,gray,blue,0
163,3,F,739,756,what is the man doing on whiteboard,draw,open box,play phone,point on whiteboard,draw,pass pillows,3
164,3,F,1196,1211,what am I doing on whiteboard,draw,draw,walk to the desk,get snack,use phone,look at phone,0
165,3,F,1289,1294,what is the man on my left side doing,look at the whiteboard,open box,erase whiteboard,get can,look at the whiteboard,look at phone,3
166,3,F,1783,1792,how many people stand in the room,two,zero,one,two,three,four,2
167,3,F,2195,2204,where is the whiteboard,on my right side,open snack,on my right side,pick up the toy,picture,pen,1
168,3,F,1256,1302,what is the man in blue shirt doing,walk around,write on whiteboard,erase the whiteboard,open snack,type on keyboard,walk around,4
169,3,F,2161,2213,what is the man in front of me doing,point on whiteboard,point on whiteboard,mix salad,eat salad,get a box from shelf,walk,0
170,3,M,67,73,how many people can I see,one,zero,one,two,three,four,1
171,3,M,132,145,who am I talking with,the man in dark blue,the man in dark blue,the man on my right side,the man in brown clothes,the man in black jacket,the man in blue clothes,0
172,3,M,173,187,what am I doing,close the door,eat,play toy,draw on whiteboard,close the door,put can on desk,3
173,3,M,240,257,what am I doing,erase the whiteboard,erase the whiteboard,throw toy to another man,look at the whiteboard,close bottle,put can on desk,0
174,3,M,276,280,what is in the hand of the man in front of me,pen,picture on the wall,pen,tv,monitor and computer,phone,1
175,3,M,276,280,what is the man holding,pen,pen,pillows,desk,tv,door,0
176,3,M,288,292,what is in my hand,pen,can,pen,cup,bottle,toy,1
177,3,M,341,350,what am I doing,draw on whiteboard,point to a camera,stand,draw on whiteboard,pass pillows,write on whiteboard,2
178,3,M,376,401,what am I doing,draw on whiteboard,use phone,draw on whiteboard,put can on desk,pass pillows,pass book,1
179,3,M,440,460,what am I doing,draw on whiteboard,open snack bag,draw on whiteboard,mix salad,walk to the desk,stand up,1
180,3,M,517,520,what is in my hand,pen,pen,book,picture,monitor and computer,bottle,0
181,3,M,517,520,what is the color of pen in my hand,red,blue,gray,green,red,brown,3
182,3,M,505,510,what is the color of pen in my hand,green,brown,gray,green,blue,black,2
183,3,M,573,578,what is the color of the clothes the man is wearing,blue,blue,black,green,brown,gray,0
184,3,M,599,602,what is the color of pen in my hand,blue,red,blue,green,gray,brown,1
185,3,M,599,602,how many pens of different colors are in the scene,three,zero,one,two,three,four,3
186,3,M,630,640,what am I doing,draw on whiteboard,play phone,draw on whiteboard,open snack,stand,shake hands,1
187,3,M,860,868,how many people can I see,two,zero,one,two,three,four,2
188,3,M,864,870,what is the man on my right side doing,stand up,open snack,pass book,have snack,erase the whiteboard,stand up,4
189,3,M,883,890,what is the man on my right side doing,drink,drink,type on keyboard,walk to the desk,stand,sit,0
190,3,M,883,890,what is the man on my right side holding,can,bottle,tv,shelf,can,picture on the wall,3
191,3,M,946,953,what is the man on my right side doing,sit down,open box,shake hands,sit down,point to a camera,play toy,2
192,3,M,987,992,what is the man in front of me holding,pen,can,machine,shelf,cup,pen,4
193,3,M,1076,1100,what is the man in front of me doing,draw on whiteboard,look at phone,walk to the desk,shake hands,draw on whiteboard,drink,3
194,3,M,1196,1208,who am I looking at,the man in dark blue clothes,the man in front of whiteboard,a man in dark clothes,the man in brown clothes,the man in dark blue clothes,a man in dark blue clothes,3
195,3,M,1196,1208,what is behind the man in dark blue clothes,chair,bike,picture on the wall,chair,box,cup,2
196,3,M,1322,1342,what am I doing,point on whiteboard,pick up the toy,sit down,point on whiteboard,get snack,use phone,2
197,3,M,1398,1408,what is the man in front of me doing,point on whiteboard,point on whiteboard,throw toy to another man,put laptop on desk,open snack,get can,0
198,3,M,1420,1428,what is the man in front of me doing,point on whiteboard,get snack,point on whiteboard,look at phone,use phone,put laptop on desk,1
199,3,M,1420,1428,what is behind the man in dark blue clothes,chair,bike,tv,chair,phone,monitor,2
200,3,M,1498,1506,what is the man in front of me doing,point on whiteboard,sit,get can on desk,point on whiteboard,get a box from shelf,draw on whiteboard,2
201,3,M,1667,1680,how many people can I see,two,zero,one,two,three,four,2
202,3,M,1784,1795,who am I talking with,two man standing in front of me,two man standing in front of me,the man on my right side,the man in red clothes,a man in blue shirt,the man in green shirt,0
203,3,M,1851,1859,what is the man in dark blue clothes doing,point on whiteboard,open box,get can on desk,type on laptop,eat snack,point on whiteboard,4
204,3,M,83,88,who is standing beside the whiteboard,a man in dark blue clothes,the man in clothes clothes,a man in dark clothes,the man on my right side,a man in dark blue clothes,a man in blue,3
205,3,M,201,210,what am I doing,erase the whiteboard,type on laptop,erase the whiteboard,type on computer,walk to the desk,turn on computer,1
206,3,M,250,260,what am I doing,erase the whiteboard,erase the whiteboard,walk,get snack,look at the whiteboard,stand,0
207,3,M,301,331,what am I doing,draw on whiteboard,drink,read book,sit down,have snack,draw on whiteboard,4
208,3,M,332,341,what am I doing,draw on whiteboard,point to a camera,throw toy,mix salad,get can,draw on whiteboard,4
209,3,M,332,341,what is the color of the pen I am drawing with,green,black,blue,brown,gray,green,4
210,3,M,530,533,what is the color of the pen I am drawing with,red,black,red,green,gray,brown,1
211,3,M,578,583,what is the man in front of me doing,point on whiteboard,open can,point on whiteboard,eat,throw pillows,eat snack,1
212,3,M,599,602,what is the color of pen I am holding,blue,green,black,gray,brown,blue,4
213,3,M,783,800,what is the color I am drawing on whiteboard,green,green,black,gray,blue,red,0
214,3,M,863,873,what is the man doing on my right side,stand up,open bottle,stand up,close bottle,throw pillows,eat,1
215,3,M,927,931,who is wave hands,the man in front of whiteboard,the man in red clothes,the man in clothes clothes,the man in gray clothes,the man in front of whiteboard,a man in dark blue clothes,3
216,3,M,1007,1015,what is the color of the pen the man in front of me is holding,blue,brown,black,gray,green,blue,4
217,3,M,1430,1445,what is the man in front of me doing,point on whiteboard,point to a camera,eat,open can,point on whiteboard,look at phone,3
218,3,M,498,502,what am I doing,draw on whiteboard,draw on whiteboard,stand,drink,walk to the door,sit,0
219,3,M,898,902,what is on the desk,monitor,white pillows,pen,phone,monitor,snack,3
220,3,M,937,941,how many people are in the room,two,zero,one,two,three,four,2
221,3,M,1289,1301,what is the man in dark blue clothes doing,draw on whiteboard,draw on whiteboard,open snack bag,read book,close the door,type on laptop,0
222,3,M,1332,1337,what am I doing,point on whiteboard,pick up the toy,read book,point on whiteboard,eat salad,drink,2
223,3,M,1421,1434,what is the man doing with hand,point on whiteboard,draw,close the door,type on computer,get can on desk,point on whiteboard,4
224,4,F,57,67,what is the man in dark clothes doing,sit down,walk to the door,get can,get snack,sit down,drink,3
225,4,F,57,67,what is behind the man in dark clothes,machine,monitor,bike,chair,print machine,machine,4
226,4,F,78,83,how many people can I see in the scene,two,zero,one,two,three,four,2
227,4,F,120,127,how many people can I see in the scene,two,zero,one,two,three,four,2
228,4,F,120,127,how many people are sitting,two,zero,one,two,three,four,2
229,4,F,135,139,what is the man getting for,can,computer,chair,snack bar,white pillows,can,4
230,4,F,146,151,what is in front of me,computer,pen,computer,monitor and computer,door,book,1
231,4,F,157,166,what am I doing,drink,have snack,open bottle,turn on computer,play toy,drink,4
232,4,F,165,178,what am I doing,drink,eat,throw pillows,shake hands,get can on desk,drink,4
233,4,F,180,191,what is the man in dark clothes doing,drink,get can on desk,drink,walk to the desk,eat,look at the whiteboard,1
234,4,F,180,191,what is the man in blue shirt holding,snack,toy,machine,snack,box,monitor,2
235,4,F,180,191,what are the objects behind the two people,computer,computer,snack bar,machine,door,whiteboard,0
236,4,F,231,252,what is the man on my left side doing,drink,throw toy to another man,put can on desk,open snack bag,walk to the desk,drink,4
237,4,F,253,264,what is the man on my right side doing,eat snack,eat snack,stand,walk,sit down,erase the whiteboard,0
238,4,F,316,332,what am I doing,drink,type on laptop,point on whiteboard,draw on whiteboard,drink,open can,3
239,4,F,337,346,what color is the can I am holding,black,gray,brown,red,blue,black,4
240,4,F,504,508,what am I doing,type on keyboard,eat,type on keyboard,put can on desk,look at the whiteboard,get snack,1
241,4,F,504,508,what is in front of me,monitor,print machine,chair,computer,monitor and computer,monitor,4
242,4,F,504,508,what is the man on my left side doing,eat snack,eat snack,open can,walk around,erase whiteboard,read book,0
243,4,F,504,508,what is on the desk,monitor,monitor,phone,cup,white pillows,picture on the wall,0
244,4,F,28,38,what are the people doing,shake hands,type on keyboard,open snack,pass pillows,pass book,shake hands,4
245,4,F,206,210,what is hold by the man on my left side,can,machine,can,monitor,computer,picture on the wall,1
246,4,F,218,224,what is the color of the can I am holding,black,blue,green,black,red,brown,2
247,4,F,234,240,what is mounted on the wall on my right side,tv,pillows,computer,bottle,shelf,tv,4
248,4,F,527,531,what am I doing,type on keyboard,walk,eat snack,use phone,turn on computer,type on keyboard,4
249,4,F,553,557,what is placed on the desk,monitor,machine,monitor,cup,tv,picture,1
250,4,F,497,570,what am I doing,type on keyboard,get can on desk,throw pillows,type on keyboard,type on computer,eat salad,2
251,4,F,346,398,what is man in blue shirt holding in hand,snack,machine,computer,camera,snack,whiteboard,3
252,4,F,566,582,who is sitting beside the computer desk,the man in light blue shirt,a man in blue shirt,the man in red clothes,the man in red shirt,the man in light blue shirt,me,3
253,4,M,45,53,what is the man on my left side doing,sit down,type on computer,use phone,sit down,open bottle,have snack,2
254,4,M,45,53,what is the object on the desk,computer,pillows,computer,laptop,bottle,snack,1
255,4,M,62,69,what is the man on my right side doing,sit down,play toy,walk to the desk,get can on desk,throw pillows,sit down,4
256,4,M,105,110,how many people can I see in the scene,one,zero,one,two,three,four,1
257,4,M,125,131,what am I looking at ,computer,phone,computer,door,tv,box,1
258,4,M,143,160,what is the man doing,get can,close bottle,use phone,type on keyboard,draw on whiteboard,get can,4
259,4,M,168,177,what is the man doing,drink,drink,stand,sit,have snack,erase whiteboard,0
260,4,M,192,200,what am I doing,eat snack,drink,put laptop on desk,look at phone,eat snack,read book,3
261,4,M,192,200,what is behind the man in front of me,whiteboard,machine,tv,book,toy,whiteboard,4
262,4,M,422,435,what is holding in my hand,snack,toy,computer,snack bar,phone,snack,4
263,4,M,479,495,what is holding in my hand,snack,chair,door,book,toy,snack,4
264,4,M,509,526,what is the man doing in front of me,type on keyboard,shake hands,type on keyboard,look at the whiteboard,walk to the door,open snack bag,1
265,4,M,531,544,what am I putting on the desk,snack,computer,shelf,apple,laptop,snack,4
266,4,M,588,594,what is the man looking at in front of me,monitor,monitor,computer,black pillows,chair,picture,0
267,4,M,297,305,what am I doing,have snack,have snack,sit down,close the door,get a box from shelf,get can on desk,0
268,4,M,314,324,what is on the desk on my left hand side,monitor,chair,computer,monitor,snack bar,picture on the wall,2
269,4,M,352,359,what am I doing,have snack,have snack,type on keyboard,eat salad,play phone,sit,0
270,4,M,271,280,what is on the desk on my left hand side,monitor,bike,box,can,monitor,phone,3
271,4,M,272,281,what is on the desk on my right hand side,computer,tv,shelf,monitor,toy,computer,4
272,4,M,571,577,what is on the wall on my left side,tv,tv,white pillows,bottle,desk,monitor and computer,0
273,4,M,131,139,what is the man on my right side doing,get can on desk,get can on desk,walk around,stand up,get can,open snack bag,0
274,4,M,263,267,what is on the wall behind the computer,whiteboard,print machine,whiteboard,bottle,monitor and computer,snack bar,1
275,4,M,357,364,what is the man in front of me doing,put can on desk,open snack,get can on desk,put can on desk,draw,walk,2
276,5,D,30,38,how many people can I see in the scene,two,zero,one,two,three,four,2
277,5,D,30,38,what is behind the man in red clothes,whiteboard,book,snack,pen,whiteboard,chair,3
278,5,D,44,50,what am I holding in hands,snack bar,bottle,laptop,snack bar,pen,print machine,2
279,5,D,44,50,what is the man on my left side holding,bottle,apple,bottle,can,bike,shelf,1
280,5,D,140,167,what am I holding in hands,snack,apple,picture on the wall,phone,snack,white pillows,3
281,5,D,239,254,what am I holding in hands,snack,black pillows,cup,bottle,phone,snack,4
282,5,D,448,459,what is the man in gray clothes doing,stand up,put laptop on desk,walk,stand up,draw on whiteboard,erase whiteboard,2
283,5,D,455,459,what is beside the man in gray clothes,chair,toy,door,white pillows,camera,chair,4
284,5,D,502,513,what is man in red clothes doing,sit down,put laptop on desk,close the door,erase whiteboard,eat salad,sit down,4
285,5,D,502,513,how many people can I see in the scene,two,zero,one,two,three,four,2
286,5,D,655,670,what is the man in red shirt doing,get snack,get snack,eat,erase the whiteboard,get a box from shelf,sit down,0
287,5,D,685,695,what is the man in blue clothes doing,get snack,walk to the desk,type on computer,walk,open snack,get snack,4
288,5,D,723,737,what is the man in blue clothes doing,get snack,stand,open can,close the door,get snack,pass book,3
289,5,D,851,856,what is man in gray clothes doing,eat snack,write on whiteboard,open box,get can on desk,eat snack,read book,3
290,5,D,851,856,how many people can I see in the scene,three,zero,one,two,three,four,3
291,5,D,898,903,what is the man in red clothes holding,can,cup,can,phone,white pillows,black pillows,1
292,5,D,898,903,what is the color of the can holding by the man in red clothes,black,black,gray,brown,blue,red,0
293,5,D,898,903,how many cans are on the table,two,zero,one,two,three,four,2
294,5,D,934,939,what is in front of me,chair,phone,can,white pillows,picture,chair,4
295,5,D,965,969,what is on the table,monitor,desk,cup,white pillows,monitor,bike,3
296,5,D,1000,1012,what is the man holding in hand,can,pen,can,snack bar,toy,phone,1
297,5,D,1000,1012,what is the color of the can holding by the man in red clothes,black,blue,gray,red,green,black,4
298,5,D,1012,1025,what is the man doing in front of me,drink,walk to the desk,play phone,walk around,pick up the toy,drink,4
299,5,D,1109,1114,what is the man on my right side doing,get snack,close the door,eat salad,get a box from shelf,close bottle,get snack,4
300,5,D,1113,1126,what is the man in front of me doing,get snack,have snack,open box,turn on computer,get snack,get can,3
301,5,D,1121,1142,what is the man in front of me doing,eat snack,put can on desk,eat snack,close the door,erase the whiteboard,open snack bag,1
302,5,D,1140,1148,what is the man in blue clothes holding,phone,apple,shelf,phone,bottle,monitor and computer,2
303,5,D,1177,1181,what is the man in blue clothes holding,phone,can,door,camera,snack,phone,4
304,5,D,1203,1208,what is the man in front of me holding,snack,camera,whiteboard,picture,snack,apple,3
305,5,D,1226,1247,what is the man in front of me doing,drink,put laptop on desk,open bottle,throw pillows,erase the whiteboard,drink,4
306,5,D,103,107,what am I holding in hands,snack bar,bike,apple,cup,picture on the wall,snack bar,4
307,5,D,225,228,what is behind the man in dark blue clothes on my left hand side,shelf,machine,can,toy,desk,shelf,4
308,5,D,315,324,how many snack in my hands,two,zero,one,two,three,four,2
309,5,D,1199,1205,what is the color of the chair on my left hand side ,red,black,red,brown,green,gray,1
310,5,D,257,268,what am I doing,get snack,stand up,draw,get snack,open bottle,point to a camera,2
311,5,D,257,268,what is the color of the can on desk,black,black,blue,brown,red,gray,0
312,5,M,2,11,what am I holding in hands,bottle,shelf,bottle,pen,cup,tv,1
313,5,M,15,23,what is the man in red clothes doing,get snack,get snack,pass book,put laptop on desk,type on keyboard,throw toy,0
314,5,M,18,27,what am I doing,drink,open snack bag,sit down,drink,shake hands,look at the whiteboard,2
315,5,M,18,27,what is the man in red clothes holding,snack,snack,print machine,box,machine,book,0
316,5,M,16,23,what is the color of the can in front of the man in gray clothes ,black,brown,red,gray,black,blue,3
317,5,M,79,88,what is the man in gray clothes doing,drink,point on whiteboard,drink,get snack,put can on desk,draw,1
318,5,M,82,89,what is the man in red clothes holding,snack,machine,snack bar,picture,white pillows,snack,4
319,5,M,82,89,who is sitting in middle of three people,the man in red clothes,a man in blue,the man in white clothes,the man in blue clothes,the man in red clothes,the man in red shirt,3
320,5,M,82,89,who is hold a snack bag,the man in red clothes,the man in clothes clothes,a man in gray clothes,the man in red clothes,the man on my right side,a man in blue,2
321,5,M,82,89,what is the color of the can in front of the man in gray clothes ,black,red,green,black,brown,gray,2
322,5,M,86,91,what is the color of the can holding by the man in gray clothes ,green,red,gray,blue,green,brown,3
323,5,M,133,141,what is hold by the man on right side of me,snack,snack,computer,print machine,desk,monitor and computer,0
324,5,M,133,141,what is the man on right side of me holding,snack,pillows,shelf,can,whiteboard,snack,4
325,5,M,132,140,what is the man in white clothes holding,snack,toy,pillows,snack,machine,apple,2
326,5,M,152,158,what is behind the man in red clothes,whiteboard,machine,can,phone,computer,whiteboard,4
327,5,M,152,158,what is the man in gray clothes doing,drink,walk,drink,put laptop on desk,walk around,type on laptop,1
328,5,M,198,205,what am I holding in hands,can,door,monitor and computer,snack bar,monitor,can,4
329,5,M,199,204,what is the color of the can holding by me,black,brown,red,blue,black,green,3
330,5,M,261,270,what is man in white clothes doing,get snack,eat,erase whiteboard,close bottle,write on whiteboard,get snack,4
331,5,M,410,415,how many people can I see in the scene,three,zero,one,two,three,four,3
332,5,M,435,439,what is the man in red clothes doing,stand up,eat salad,walk to the door,throw toy to another man,stand up,put laptop on desk,3
333,5,M,438,445,what is behind the man who is standing,whiteboard,whiteboard,snack bar,machine,monitor,chair,0
334,5,M,438,445,what is behind the man who is in red clothes,whiteboard,whiteboard,bike,white pillows,black pillows,door,0
335,5,M,438,445,what is beside the man in gray clothes,chair,camera,chair,picture,snack bar,black pillows,1
336,5,M,454,458,what is behind the man in white clothes,monitor,box,snack bar,computer,monitor,black pillows,3
337,5,M,454,458,what is the man in gray clothes doing,stand up,close the door,open box,walk to the desk,turn on computer,stand up,4
338,5,M,454,458,what is the man on my left side doing,stand up,stand up,drink,throw pillows,get a box from shelf,open bottle,0
339,5,M,460,468,how many cans are on the table,two,zero,one,two,three,four,2
340,5,M,480,490,how many people can I see in the scene,three,zero,one,two,three,four,3
341,5,M,480,490,who is sitting in middle of three people,the man in white clothes,the man in brown clothes,a man in dark clothes,the man in clothes clothes,the man in white clothes,the man in front of whiteboard,3
342,5,M,500,514,what is the man in red clothes doing,sit down,sit down,open box,pick up the toy,throw pillows,throw toy to another man,0
343,5,M,500,514,who is stand up,the man in gray clothes,the man in dark blue clothes,the man in blue clothes,the man in clothes clothes,the man in red shirt,the man in gray clothes,4
344,5,M,645,661,what is the man in red clothes doing,get snack,get can,erase the whiteboard,throw pillows,get snack,point to a camera,3
345,5,M,689,700,what am I doing,have snack,close bottle,get snack,have snack,use phone,turn on computer,2
346,5,M,702,708,what is behind the man in white clothes,whiteboard,whiteboard,book,cup,toy,snack bar,0
347,5,M,703,709,what is behind the man in gray clothes,door,bike,pen,pillows,phone,door,4
348,5,M,703,709,who is sitting beside the down,the man in gray clothes,the man on my right side,the man in black jacket,a man in dark clothes,the man in red clothes,the man in gray clothes,4
349,5,M,724,733,what am I doing,get snack,shake hands,get snack,walk around,draw,eat salad,1
350,5,M,740,755,who is looking at me in front,the man in white clothes,the man in red shirt,the man in clothes clothes,the man on my left side,me,the man in white clothes,4
351,5,M,759,765,who is holding a snack bag,the man in red clothes,a man in blue shirt,the man on my right side,me,the man in red clothes,the man in dark blue,3
352,5,M,804,807,who is getting snack,the man on my right side,the man on my left side,the man in light blue shirt,the man in dark blue clothes,the man in red clothes,the man on my right side,4
353,5,M,809,822,who is getting snack,the man on my left side,two man standing in front of me,the man in brown clothes,a man in blue shirt,the man on my left side,the man in gray clothes,3
354,5,M,886,892,who is holding a black can,the man in red clothes,a man in dark clothes,the man in black jacket,the man in red clothes,the man in blue shirt,two man standing in front of me,2
355,5,M,972,980,what is the man in red clothes doing,open can,eat,type on computer,open can,eat snack,have snack,2
356,5,M,980,995,what is the man in red clothes doing,drink,look at the whiteboard,open snack,walk to the door,stand,drink,4
357,5,M,1125,1132,what am I holding in hand,phone,snack bar,phone,monitor and computer,tv,chair,1
358,5,M,1135,1142,what am I holding in hand,phone,snack bar,box,phone,white pillows,apple,2
359,5,M,36,42,what am I holding in hand,bottle,laptop,picture on the wall,bottle,tv,phone,2
360,5,M,109,116,how many bottle are on the table,zero,zero,one,two,three,four,0
361,5,M,208,215,what is the color of the can I hold,black,red,gray,green,black,blue,3
362,5,M,289,295,what is behind the man in red clothes,whiteboard,laptop,whiteboard,black pillows,monitor and computer,book,1
363,5,M,508,512,what is on the desk behind the man in red clothes,monitor,desk,monitor,bottle,machine,print machine,1
364,5,M,542,546,how many people can I see in the scene,three,zero,one,two,three,four,3
365,5,M,1143,1163,what am I holding in left hand,phone,phone,picture,bike,pillows,snack bar,0
366,6,D,29,38,how many people can I see in the scene,two,zero,one,two,three,four,2
367,6,D,102,107,what can I see in the scene,chair,bottle,chair,pillows,machine,bike,1
368,6,D,285,300,how many people can I see in the scene,one,zero,one,two,three,four,1
369,6,D,423,427,what can I see in the scene,chair,white pillows,chair,camera,tv,box,1
370,6,D,486,492,what am I holding in hands,toy,camera,desk,toy,pen,snack,2
371,6,D,536,540,how many people can I see in the scene,two,zero,one,two,three,four,2
372,6,D,538,542,who is standing in front of me,the man in blue clothes,the man in dark blue,the man in blue clothes,the man in black jacket,the man in red shirt,me,1
373,6,D,551,556,who is standing on my left side,the man in clothes clothes,the man in red clothes,me,the man in clothes clothes,the man in white clothes,the man on my right side,2
374,6,D,551,556,who is standing in front of me,the man in blue clothes,the man in blue clothes,the man in front of the door,the man in clothes clothes,a man in gray clothes,a man in dark clothes,0
375,6,D,720,726,what is the object on left of the man in blue clothes,desk,door,box,whiteboard,desk,apple,3
376,6,D,745,755,who is walking into the scene,the man in red clothes,a man in gray clothes,the man in red clothes,two man standing in front of me,the man in front of whiteboard,the man in blue shirt,1
377,6,D,755,765,how many people can I see in the scene,three,zero,one,two,three,four,3
378,6,D,821,834,who is walking out of the scene,the man in red clothes,the man in green shirt,the man in front of whiteboard,the man in red clothes,the man in gray clothes,a man in gray clothes,2
379,6,D,910,916,who is play a toy in hands,the man in red clothes,the man in red clothes,a man in gray clothes,the man in white clothes,the man in front of whiteboard,the man in dark blue,0
380,6,D,910,916,what is the man in front of me doing,play toy,mix salad,pass pillows,open snack bag,erase whiteboard,play toy,4
381,6,D,986,992,what am I playing,toy,pillows,monitor and computer,whiteboard,toy,snack,3
382,6,D,1092,1105,what is the man in red clothes doing,sit down,get snack,pass book,look at phone,shake hands,sit down,4
383,6,D,394,400,what is the object placed on the desk,toy,toy,pillows,picture,apple,can,0
384,6,D,394,400,who is standing in front of sofa,the man in red clothes,the man in red shirt,the man in clothes clothes,a man in blue shirt,the man in red clothes,a man in blue,3
385,6,D,654,658,who is standing in front of door,the man in blue clothes,the man in black jacket,the man in brown clothes,the man in gray clothes,the man in white clothes,the man in blue clothes,4
386,6,D,740,745,who is standing in front of door,the man in gray clothes,the man in front of whiteboard,the man in black jacket,a man in dark clothes,the man in blue shirt,the man in gray clothes,4
387,6,D,929,939,who is walking in front of me,the man in red clothes,the man in clothes clothes,the man in red clothes,a man in blue shirt,the man in white clothes,the man in red shirt,1
388,6,D,238,242,what am I playing with,toy,machine,print machine,whiteboard,toy,cup,3
389,6,D,237,241,what is the color of the toy in my hands,blue,brown,blue,gray,black,red,1
390,6,D,492,497,what is the color of the toy in my hands,blue,red,blue,green,gray,brown,1
391,6,D,620,626,how many people can I see in the scene,zero,zero,one,two,three,four,0
392,6,D,709,715,how many people can I see in the scene,two,zero,one,two,three,four,2
393,6,D,778,785,how many people can I see in the scene,three,zero,one,two,three,four,3
394,6,D,1004,1011,what is the man doing on my left side,throw toy,look at phone,close the door,throw toy,eat salad,open snack,2
395,6,D,1004,1011,what is the man throwing to another man in front of me,toy,chair,desk,laptop,shelf,toy,4
396,6,D,1018,1023,what is the man in blue clothes doing,throw toy,throw toy,eat snack,play phone,open snack bag,sit,0
397,6,D,571,576,what is on the desk,apple,desk,monitor,can,apple,phone,3
398,6,D,1107,1112,who is sitting on chair,the man in red shirt,the man on my left side,the man in red shirt,the man in green shirt,a man in blue shirt,two man standing in front of me,1
399,6,D,275,338,what is the man in red clothes doing,play toy,type on computer,sit,close the door,type on keyboard,play toy,4
400,6,D,338,358,what are on the sofa behind the man in red shirt,pillows,pillows,snack bar,toy,monitor,camera,0
401,6,D,360,375,how many pillows are on the blue sofa,two,zero,one,two,three,four,2
402,6,D,386,410,what is the color of the sofa in the room,blue,brown,green,red,gray,blue,4
403,6,D,471,495,how many people are standing around me,three,zero,one,two,three,four,3
404,6,D,472,491,what is the man in blue clothes wearing,camera,bottle,chair,box,camera,can,3
405,6,D,584,595,what is the man in blue clothes wearing,camera,snack bar,pillows,camera,cup,bottle,2
406,6,D,800,823,how many people are standing around me,three,zero,one,two,three,four,3
407,6,D,821,850,what is the object beside the sofa ,print machine,monitor,print machine,toy,door,phone,1
408,6,D,843,866,how many pillows are on the sofa,two,zero,one,two,three,four,2
409,6,D,1106,1136,how many people are sitting on chair,one,zero,one,two,three,four,1
410,6,M,10,21,how many people can I see in the scene,three,zero,one,two,three,four,3
411,6,M,10,11,what is placed on the wall,tv,apple,whiteboard,tv,print machine,computer,2
412,6,M,78,86,what am I holding in hands,snack,laptop,apple,shelf,snack,bike,3
413,6,M,78,86,what is mounted on the wall,tv,whiteboard,tv,phone,snack bar,bike,1
414,6,M,122,134,what is the object the man in gray clothes picking from desk,apple,apple,white pillows,whiteboard,machine,box,0
415,6,M,133,138,what is the man in gray clothes holding in hands,apple,can,machine,apple,shelf,pillows,2
416,6,M,140,145,who is standing on my right side,the man in red clothes,a man in dark blue clothes,a man in blue,the man in red clothes,the man in green shirt,the man in clothes clothes,2
417,6,M,194,207,what is the object the man in gray clothes putting on desk,apple,cup,monitor and computer,shelf,apple,camera,3
418,6,M,257,265,what am I holding in hands,snack,can,snack,picture,apple,monitor and computer,1
419,6,M,261,270,what am I doing,have snack,close the door,have snack,read book,walk around,open can,1
420,6,M,250,254,what is placed on the wall,picture,bottle,shelf,pillows,desk,picture,4
421,6,M,357,362,who is holding a toy in hand,the man in red clothes,the man in white clothes,a man in blue shirt,the man in light blue shirt,the man in clothes clothes,the man in red clothes,4
422,6,M,357,362,what is the object in front of me,chair,chair,snack bar,snack,apple,pen,0
423,6,M,417,425,what am I holding in hands,toy,computer,snack,can,whiteboard,toy,4
424,6,M,483,488,what is the man in front of me holding in hands,toy,whiteboard,picture on the wall,toy,can,box,2
425,6,M,530,535,who is standing in front of door,the man in red clothes,the man in red clothes,the man in red shirt,two man standing in front of me,the man in dark blue,the man in front of the door,0
426,6,M,536,540,who is walking away from scene,the man in red clothes,the man in dark blue,the man in clothes clothes,a man in dark blue clothes,the man in white clothes,the man in red clothes,4
427,6,M,710,718,what am I looking at,picture on the wall,bottle,snack,toy,picture on the wall,shelf,3
428,6,M,770,778,what are we looking at,picture on the wall,picture on the wall,computer,print machine,snack bar,tv,0
429,6,M,778,788,what is the man on my right side looking at,picture on the wall,pillows,pen,bike,cup,picture on the wall,4
430,6,M,961,970,what is the man in front of me doing,play toy,look at the whiteboard,play toy,pick up the toy,open bottle,turn on computer,1
431,6,M,980,989,who is passing a toy to another man,the man in gray clothes,the man in black jacket,a man in gray clothes,the man in gray clothes,the man in light blue shirt,the man in front of whiteboard,2
432,6,M,990,997,who is throwing a toy,the man in front of the door,the man in brown clothes,the man in front of the door,the man in red clothes,the man in white clothes,a man in blue,1
433,6,M,1005,1009,who is throwing a toy to me,the man in red clothes,the man in red clothes,a man in gray clothes,the man in black jacket,the man on my left side,a man in dark clothes,0
434,6,M,1016,1021,what am I doing,throw toy to another man,get snack,eat salad,drink,throw toy to another man,get a box from shelf,3
435,6,M,1031,1042,what is the man in front of the door doing,pick up the toy,get a box from shelf,pick up the toy,erase whiteboard,type on keyboard,stand,1
436,6,M,1127,1135,who is holding a toy in hand,the man in gray clothes,me,a man in dark blue clothes,the man in gray clothes,a man in blue,the man on my right side,2
437,6,M,40,50,how many people can I see in the scene,three,zero,one,two,three,four,3
438,6,M,62,68,how many people can I see in the scene,two,zero,one,two,three,four,2
439,6,M,181,186,what is the man in gray clothes holding in hands,apple,camera,white pillows,box,toy,apple,4
440,6,M,271,277,what am I holding in hands,snack,computer,bike,chair,snack,monitor and computer,3
441,6,M,727,728,what is mounted on the wall,picture,toy,black pillows,picture,bottle,chair,2
442,6,M,964,968,what is the man holding in hands in gray clothes,toy,can,camera,toy,cup,phone,2
443,6,M,27,56,how many people are standing in the room,three,zero,one,two,three,four,3
444,6,M,276,320,what am I doing,have snack,use phone,throw toy,sit down,type on computer,have snack,4
445,6,M,435,461,what am I holding in hands,toy,monitor and computer,picture on the wall,toy,computer,cup,2
446,6,M,472,491,what is the man in front of me wearing on jacket,camera,whiteboard,white pillows,picture,camera,chair,3
447,6,M,526,540,how many people are standing in the room,three,zero,one,two,three,four,3
448,6,M,1022,1050,what are we doing,throw toy to another man,get snack,throw toy to another man,walk to the door,stand up,read book,1
449,7,M,18,22,how many people can I see in the scene,three,zero,one,two,three,four,3
450,7,M,15,24,who is standing on my left side,the man in red clothes,a man in blue shirt,the man in gray clothes,the man in red clothes,the man in white clothes,the man in clothes clothes,2
451,7,M,627,645,what is the man in front of me doing,walk to the door,get can,throw pillows,sit,walk to the door,sit down,3
452,7,M,687,700,what is the man on my left side doing,sit down,put can on desk,drink,walk,type on keyboard,sit down,4
453,7,M,708,718,what am I doing,walk to the desk,eat snack,look at the whiteboard,open snack bag,walk to the desk,point to a camera,3
454,7,M,717,722,what is placed on the desk,computer,pen,whiteboard,computer,snack,apple,2
455,7,M,779,785,what am I doing,walk to the door,open snack bag,walk to the door,drink,walk,erase whiteboard,1
456,7,M,792,798,where am I ,kitchen,kitchen,draw,black pillows,pass book,toy,0
457,7,M,818,823,how many people are in the room,three,zero,one,two,three,four,3
458,7,M,848,858,what am I doing,sit down,draw on whiteboard,get a box from shelf,point on whiteboard,read book,sit down,4
459,7,M,993,1000,what is the man in front of me doing,walk to the desk,shake hands,open snack bag,eat,throw pillows,walk to the desk,4
460,7,M,1012,1020,what is the man in gray clothes doing,sit down,have snack,throw toy,sit down,shake hands,stand up,2
461,7,M,1122,1126,who is sitting on right side of the door,the man in red clothes,a man in blue shirt,the man in red clothes,the man in dark blue clothes,the man in blue shirt,the man in front of the door,1
462,7,M,58,70,what is the man playing with,phone,snack bar,machine,laptop,cup,phone,4
463,7,M,134,139,what is the man playing with,phone,phone,camera,snack,desk,picture,0
464,7,M,149,154,what is on the desk behind the man in front of me,monitor,monitor,bike,shelf,phone,laptop,0
465,7,M,822,828,what am I doing,walk to the door,walk to the door,eat snack,play phone,erase the whiteboard,put laptop on desk,0
466,7,M,95,115,what is the man doing beside the desk,play phone,eat salad,play phone,sit down,open snack,throw pillows,1
467,7,M,294,329,what is the man in front of me doing,point to a camera,point to a camera,eat snack,eat,point on whiteboard,turn on computer,0
468,7,M,330,345,what is the man wearing on his jacket,camera,cup,black pillows,camera,shelf,computer,2
469,7,M,413,422,where does the man in front of me put his hands,pocket,get snack,pocket,whiteboard,get can on desk,put laptop on desk,1
470,7,M,639,655,what is the man in front of me doing,walk to the door,point to a camera,walk to the door,pass pillows,use phone,put can on desk,1
471,7,M,631,675,what is the man doing in the room,walk around,draw on whiteboard,type on keyboard,walk around,walk,stand,2
472,7,M,720,735,what am I doing,walk around,walk to the door,walk around,open snack,play toy,walk,1
473,7,M,780,829,what am I doing,walk around,stand,draw,walk around,put laptop on desk,play phone,2
474,7,M,873,903,who is sitting on my right side,a man in gray clothes,a man in gray clothes,two man standing in front of me,the man on my right side,the man in red clothes,a man in blue shirt,0
475,7,M,993,1007,where is the man in gray clothes heading,computer desk,a man in dark clothes,sit,eat salad,cup,computer desk,4
476,7,M,994,1010,what is the man in gray clothes doing,turn on computer,get can on desk,pass pillows,stand,turn on computer,put laptop on desk,3
477,7,M,1169,1186,where is the man in red clothes sitting,in front of book shelf,in front of book shelf,point to a camera,get a box from shelf,the man in red clothes,eat snack,0
478,7,D,27,36,how many people can I see in the scene,two,zero,one,two,three,four,2
479,7,D,27,36,what is the man on my right side doing,sit down,eat,type on computer,draw on whiteboard,sit down,pass book,3
480,7,D,38,47,what is the man on my left side doing,sit down,point on whiteboard,draw on whiteboard,stand up,turn on computer,sit down,4
481,7,D,164,173,how many people can I see in the scene,three,zero,one,two,three,four,3
482,7,D,708,718,what am I doing,walk to the desk,walk to the desk,get can,point to a camera,walk around,type on laptop,0
483,7,D,170,176,who is sitting in front of the door,the man in blue clothes,the man in front of the door,the man in dark blue,a man in dark clothes,the man in front of whiteboard,the man in blue clothes,4
484,7,D,192,201,what am I playing in hands,phone,cup,monitor and computer,laptop,snack bar,phone,4
485,7,D,192,201,what am I holding in hands,phone,apple,phone,cup,picture,machine,1
486,7,D,423,429,what is the object on desk behind the man in gray clothes,monitor,monitor,computer,shelf,apple,cup,0
487,7,D,626,632,what is the object on desk on left side of the door,monitor,snack,black pillows,pillows,monitor,phone,3
488,7,D,698,705,what am I doing,sit down,sit down,stand up,get snack,put can on desk,draw on whiteboard,0
489,7,D,713,725,who is walking across the room,the man in blue clothes,the man in front of whiteboard,me,the man in gray clothes,the man in clothes clothes,the man in blue clothes,4
490,7,D,733,745,who is walking across the room,the man in blue clothes,a man in dark blue clothes,the man in blue clothes,me,the man in red clothes,the man in front of the door,1
491,7,D,763,768,who is standing beside a chair,the man in blue clothes,the man in blue clothes,the man in front of whiteboard,me,the man in black jacket,the man in blue shirt,0
492,7,D,776,788,who is walking towards the door,the man in blue clothes,the man in blue clothes,the man in dark blue,a man in blue shirt,the man in red clothes,the man in front of the door,0
493,7,D,814,823,who is walking into the room,the man in blue clothes,the man in blue clothes,the man on my right side,two man standing in front of me,the man in black jacket,the man in red clothes,0
494,7,D,987,998,who is standing up,the man in gray clothes,the man in light blue shirt,a man in gray clothes,the man in front of whiteboard,the man in gray clothes,the man on my right side,3
495,7,D,999,1007,what is the man in gray clothes doing,turn on computer,draw,turn on computer,throw toy to another man,throw toy,read book,1
496,7,D,1057,1066,who is standing up from a chair,the man in red clothes,the man in red clothes,the man in brown clothes,a man in dark clothes,the man in front of whiteboard,the man in light blue shirt,0
497,7,D,1087,1096,who is sitting down by the table,the man in red clothes,me,the man in front of the door,the man in blue clothes,the man in red clothes,the man in dark blue,3
498,7,D,187,192,what am I playing in hands,phone,whiteboard,pillows,tv,door,phone,4
499,7,D,724,728,what is on the desk on my left side,phone,chair,phone,can,print machine,monitor,1
500,7,D,181,209,what am I doing,play phone,shake hands,type on computer,play phone,mix salad,put can on desk,2
501,7,D,301,341,how many people are standing in the room,zero,zero,one,two,three,four,0
502,7,D,638,677,what am I doing,walk around,get snack,open bottle,walk around,walk,throw pillows,2
503,7,D,717,745,what is the man in blue clothes doing,walk around,eat,type on laptop,walk around,pass pillows,have snack,2
504,7,D,780,838,what is the man in blue clothes doing,walk around,walk around,throw toy,erase whiteboard,eat salad,turn on computer,0
505,7,D,988,1021,what is the man in gray clothes doing,walk around,walk around,read book,play toy,open box,pass pillows,0
506,7,D,1175,1191,how many people are sitting in the room,three,zero,one,two,three,four,3
507,7,D,1201,1217,how many people are standing in the room,zero,zero,one,two,three,four,0
508,8,M,21,30,what am I doing,drink,draw on whiteboard,play toy,read book,open bottle,drink,4
509,8,M,60,66,what is the man in gray clothes doing,drink,read book,walk,type on keyboard,drink,eat snack,3
510,8,M,88,95,what is the man in black clothes holding,snack,door,toy,machine,snack,pen,3
511,8,M,95,109,what is placed on the desk,monitor and computer,monitor and computer,apple,camera,box,bike,0
512,8,M,95,109,what is the man in black clothes doing,have snack,have snack,open snack bag,get can on desk,close the door,read book,0
513,8,M,137,145,what is behind the desktop computer,whiteboard,whiteboard,snack,bike,monitor,camera,0
514,8,M,339,346,where is the man entering the room,the door on my right side,the man in brown clothes,a man in dark clothes,the door on my right side,open can,put laptop on desk,2
515,8,M,344,352,how many people can I see in the scene,three,zero,one,two,three,four,3
516,8,M,689,698,who is sitting in front of the monitor,the man in gray clothes,the man in green shirt,the man in blue clothes,a man in blue shirt,the man in gray clothes,a man in dark blue clothes,3
517,8,M,698,706,who is sitting near the door,the man in gray clothes,a man in dark clothes,the man in brown clothes,me,the man in gray clothes,the man in light blue shirt,3
518,8,M,840,846,who is sitting in front of the laptop,the man in gray clothes,a man in dark clothes,the man in gray clothes,a man in blue shirt,the man in black jacket,the man on my left side,1
519,8,M,1731,1743,what is the man on my left side passing to the man on my right side,snack,monitor,snack,toy,black pillows,picture on the wall,1
520,8,M,1931,1944,what is the man on my right side passing to the man on my left side,snack,tv,book,machine,snack,white pillows,3
521,8,M,1983,2010,what am I doing,drink,eat salad,throw toy,drink,write on whiteboard,look at the whiteboard,2
522,8,M,2568,2574,what is the color of the cup holding by the man in gray clothes,green,blue,red,green,gray,brown,2
523,8,M,2585,2595,what is the color of the cup holding by the man in black clothes,red,black,brown,blue,red,gray,3
524,8,M,2663,2672,what am I doing,drink,open bottle,drink,turn on computer,pass book,eat salad,1
525,8,M,2778,2789,what is the color of the snack bag hold by the man in front of me,brown,brown,black,gray,green,red,0
526,8,M,2851,2864,what am I passing to another person,bottle,tv,bottle,box,monitor and computer,monitor,1
527,8,M,2866,2878,what is the man in black clothes doing,drink,close the door,point on whiteboard,stand up,draw on whiteboard,drink,4
528,8,M,3981,3989,what is hold by the man in front of me in hands,phone,phone,book,picture on the wall,snack bar,tv,0
529,8,M,4036,4045,what am I holding in hands,phone,print machine,toy,monitor and computer,bottle,phone,4
530,8,M,4036,4045,what am I looking at,phone,phone,camera,monitor,can,whiteboard,0
531,8,M,4087,4095,what are we looking at,phone,tv,cup,book,whiteboard,phone,4
532,8,M,4087,4095,what are we doing,look at phone,draw on whiteboard,get can on desk,open bottle,eat,look at phone,4
533,8,M,4237,4245,what are we doing,look at phone,erase whiteboard,look at phone,drink,close bottle,stand,1
534,8,M,4469,4478,what is on the desk on my left side,monitor,chair,desk,monitor,apple,bike,2
535,8,M,309,317,how many people can I see in the scene,two,zero,one,two,three,four,2
536,8,M,364,368,who is standing beside the door,the man in gray clothes,me,the man in gray clothes,the man in red shirt,the man in dark blue,two man standing in front of me,1
537,8,M,506,512,who is sitting in front of the monitor,the man in gray clothes,the man in blue clothes,the man in red clothes,the man in black jacket,the man in gray clothes,two man standing in front of me,3
538,8,M,812,833,what am I doing,drink,drink,throw pillows,look at the whiteboard,stand,pass pillows,0
539,8,M,1647,1652,who is holding snack bag,the man in black jacket,the man in black jacket,the man in light blue shirt,the man in red shirt,the man in brown clothes,the man in white clothes,0
540,8,M,1753,1759,who is holding snack bag,the man in gray clothes,the man in blue shirt,the man on my right side,the man in dark blue,the man in gray clothes,the man in blue clothes,3
541,8,M,2608,2613,who is holding a red cup ,the man in black jacket,two man standing in front of me,the man in brown clothes,the man in black jacket,the man in blue shirt,the man in gray clothes,2
542,8,M,2608,2613,what is the color of the cup hold by the man in black jacket,red,green,brown,red,black,blue,2
543,8,M,2834,2844,what am I doing,drink,have snack,pick up the toy,drink,stand,pass pillows,2
544,8,M,2834,2844,what am I holding in hands,bottle,desk,bottle,pillows,book,pen,1
545,8,M,156,162,how many people can I see in the scene,two,zero,one,two,three,four,2
546,8,M,459,467,how many people can I see in the scene,three,zero,one,two,three,four,3
547,8,M,1329,1346,what am I doing,drink,drink,shake hands,open snack,point to a camera,walk to the desk,0
548,8,X,63,69,what am I holding in hands,snack,monitor,whiteboard,snack,picture on the wall,pillows,2
549,8,X,59,73,what is the man in gray clothes doing,drink,open can,write on whiteboard,draw,drink,erase whiteboard,3
550,8,X,350,360,who is standing beside the door,a man in gray clothes,a man in dark clothes,the man on my right side,the man in blue shirt,a man in dark blue clothes,a man in gray clothes,4
551,8,X,514,526,how many people can I see in the scene,three,zero,one,two,three,four,3
552,8,X,987,1000,what is hold by the man in gray clothes,bottle,bottle,can,shelf,bike,chair,0
553,8,X,1087,1092,what is the man in gray clothes holding,bottle,monitor,toy,camera,bottle,monitor and computer,3
554,8,X,1627,1639,what is hold by me in hands,snack,picture,snack,black pillows,shelf,phone,1
555,8,X,1729,1740,what am I passing to another person,snack,chair,laptop,snack,monitor,shelf,2
556,8,X,4000,4012,what am I holding in hands,phone,chair,monitor,phone,pen,shelf,2
557,8,X,4038,4054,what am I doing,use phone,use phone,open bottle,open snack,type on keyboard,stand,0
558,8,X,4059,4066,what is the man in blue clothes holding,phone,door,machine,black pillows,phone,can,3
559,8,X,90,98,what am I holding in hands,snack,snack,machine,door,monitor,desk,0
560,8,X,168,173,how many people can I see in the scene,four,zero,one,two,three,four,4
561,8,X,338,352,who is entering the room through door,the man in gray clothes,two man standing in front of me,the man in gray clothes,a man in dark blue clothes,the man on my left side,a man in dark clothes,1
562,8,X,697,701,who is sitting in front of the door,the man in gray clothes,the man in clothes clothes,the man in white clothes,the man in front of whiteboard,the man in gray clothes,a man in blue,3
563,8,X,799,810,who is going out of the room through door,the man in dark blue clothes,the man in brown clothes,the man in red shirt,a man in blue,the man in clothes clothes,the man in dark blue clothes,4
564,8,X,903,908,how many people can I see in the scene,four,zero,one,two,three,four,4
565,8,X,1125,1130,what is the man in front of me holding in hands,bottle,shelf,machine,box,camera,bottle,4
566,8,X,1711,1728,what am I doing,have snack,open bottle,eat salad,open snack bag,eat snack,have snack,4
567,8,X,1797,1807,who is holding snack bag,the man in gray clothes,the man in front of the door,the man in red clothes,a man in dark blue clothes,the man in gray clothes,the man in brown clothes,3
568,8,X,2672,2684,what is the man doing in front of me,drink,throw pillows,look at the whiteboard,drink,eat salad,look at phone,2
569,8,X,3912,3918,what is on the desk behind the man in gray clothes,monitor,chair,print machine,desk,machine,monitor,4
570,8,X,3985,3990,what am I holding in hands,phone,monitor,shelf,phone,picture on the wall,box,2
571,8,X,4459,4478,what is the man doing in front of me,drink,eat,eat salad,sit down,look at phone,drink,4
572,8,X,63,71,what is the man in gray clothes doing,drink,erase whiteboard,point to a camera,erase the whiteboard,drink,open snack bag,3
573,8,X,195,201,what is on the desk on the right side of the man in blue clothes,monitor and computer,chair,desk,snack,monitor and computer,tv,3
574,8,X,746,758,what is the man in black clothes doing,stand up,stand up,draw,erase the whiteboard,type on computer,pass pillows,0
575,8,X,1695,1710,what is mounted on the wall on right side of the man in blue clothes,tv,tv,whiteboard,monitor and computer,picture,picture on the wall,0
576,8,X,2249,2253,how many people can I see in the scene,four,zero,one,two,three,four,4
577,8,X,4382,4393,what is the man doing in front of me,sit down,get a box from shelf,get can on desk,play phone,sit,sit down,4
578,8,X,4394,4402,what is the man doing in front of me,drink,drink,play toy,pass book,sit,put laptop on desk,0
579,8,X,4460,4478,what is the man in front of me holding in hands,cup,phone,monitor and computer,cup,shelf,white pillows,2
580,8,X,125,135,how many people can I see in the scene,four,zero,one,two,three,four,4
581,9,X,37,60,what am I doing,shake hands,read book,throw pillows,stand,shake hands,walk,3
582,9,X,36,64,what is the man in red clothes doing to me,shake hands,play toy,walk to the desk,put can on desk,shake hands,type on keyboard,3
583,9,X,60,88,what am I doing,shake hands,use phone,shake hands,walk,have snack,sit down,1
584,9,X,60,88,what is the man in black clothes doing to me,shake hands,shake hands,erase the whiteboard,sit down,get can,have snack,0
585,9,X,96,110,how many people can I see in the scene,two,zero,one,two,three,four,2
586,9,X,151,179,what is the man in red clothes doing,sit down,sit down,look at the whiteboard,stand,put can on desk,look at phone,0
587,9,X,88,139,what is the man in red clothes doing,read book,read book,play toy,stand up,walk to the door,look at the whiteboard,0
588,9,X,100,120,what is hold by the man in black clothes,book,monitor,book,monitor and computer,picture on the wall,tv,1
589,9,X,575,599,what is hold by the man in red clothes,white pillows,bike,can,phone,white pillows,toy,3
590,9,X,644,666,what are we doing,throw pillows,throw pillows,turn on computer,drink,play toy,walk,0
591,9,X,746,780,what are we doing,pass pillows,throw toy to another man,pass pillows,eat snack,open snack,walk,1
592,9,X,860,878,what are we doing,pass book,eat,pass pillows,sit,pass book,put laptop on desk,3
593,9,X,833,849,what are on the sofa behind the man in red clothes,pillows,pillows,camera,apple,book,box,0
594,9,X,861,934,what is the object we are passing,book,book,phone,chair,picture,snack,0
595,9,F,45,65,what are the two men doing in front of me,shake hands,play phone,open bottle,look at phone,pass pillows,shake hands,4
596,9,F,69,83,what is the man in red clothes holding,white pillows,whiteboard,white pillows,monitor and computer,chair,monitor,1
597,9,F,66,84,what am I doing,shake hands,point on whiteboard,turn on computer,shake hands,open snack,draw on whiteboard,2
598,9,F,177,185,what is on the wall near the door,picture,tv,print machine,picture,pillows,computer,2
599,9,F,177,185,what is on the wall behind the man in red clothes,picture,picture,chair,box,computer,shelf,0
600,9,F,260,278,what is the man in red clothes holding,white pillows,whiteboard,phone,cup,computer,white pillows,4
601,9,F,370,385,what is the man in black clothes doing,drink,drink,use phone,pass book,throw pillows,draw on whiteboard,0
602,9,F,441,452,what am I holding in hands,black pillows,whiteboard,door,black pillows,machine,book,2
603,9,F,560,571,what is on the wall behind the man in black clothes,tv,snack,pen,tv,black pillows,picture on the wall,2
604,9,F,642,652,what is the man in red clothes doing,throw pillows,stand up,close the door,pass pillows,throw pillows,pick up the toy,3
605,9,F,653,659,what am I doing,throw pillows,put can on desk,play toy,type on computer,close the door,throw pillows,4
606,9,F,659,675,what are we doing,throw pillows,get snack,throw pillows,turn on computer,sit,open can,1
607,9,F,760,781,what are we passing,white pillows,whiteboard,black pillows,phone,white pillows,tv,3
608,9,F,864,880,what are we passing,book,apple,book,machine,box,can,1
609,9,F,883,912,what is the man in black clothes doing,read book,eat salad,walk,throw pillows,read book,get snack,3
